<?xml version="1.0" encoding="UTF-8"?>
<configuration>
    <include resource="org/springframework/boot/logging/logback/base.xml"/>
    <contextName>credit_center</contextName>

    <property name="LOG_HOME" value="/home/work/logs/applogs/credit_center"/>
    <property name="COMMON_PATTERN"  value="%date{yyyy-MM-dd HH:mm:ss} | %highlight(%-5level) | %boldYellow(%thread) | %boldGreen(%logger) | %msg%n"/>

    <appender name="console" class="ch.qos.logback.core.ConsoleAppender">
        <encoder >
            <pattern>${COMMON_PATTERN}</pattern>
        </encoder>
    </appender>

    <appender name="info" class="ch.qos.logback.core.rolling.RollingFileAppender">
        <file>${LOG_HOME}/info.log</file>
        <rollingPolicy class="ch.qos.logback.core.rolling.TimeBasedRollingPolicy">
            <fileNamePattern>${LOG_HOME}/info.%d{yyyy-MM-dd}.%i.log.gz</fileNamePattern>
            <timeBasedFileNamingAndTriggeringPolicy class="ch.qos.logback.core.rolling.SizeAndTimeBasedFNATP">
                <maxFileSize>128MB</maxFileSize>
            </timeBasedFileNamingAndTriggeringPolicy>
            <maxHistory>180</maxHistory>
        </rollingPolicy>
        <encoder class="ch.qos.logback.classic.encoder.PatternLayoutEncoder">
            <pattern>${COMMON_PATTERN}</pattern>
        </encoder>
        <filter class="ch.qos.logback.classic.filter.LevelFilter">
            <level>INFO</level>
            <onMatch>ACCEPT</onMatch>
            <onMismatch>DENY</onMismatch>
        </filter>
    </appender>

    <appender name="warn" class="ch.qos.logback.core.rolling.RollingFileAppender">
        <file>${LOG_HOME}/warn.log</file>
        <rollingPolicy class="ch.qos.logback.core.rolling.TimeBasedRollingPolicy">
            <fileNamePattern>${LOG_HOME}/warn.%d{yyyy-MM-dd}.%i.log.gz</fileNamePattern>
            <timeBasedFileNamingAndTriggeringPolicy class="ch.qos.logback.core.rolling.SizeAndTimeBasedFNATP">
                <maxFileSize>128MB</maxFileSize>
            </timeBasedFileNamingAndTriggeringPolicy>
            <maxHistory>180</maxHistory>
        </rollingPolicy>
        <encoder class="ch.qos.logback.classic.encoder.PatternLayoutEncoder">
            <pattern>${COMMON_PATTERN}</pattern>
        </encoder>
        <filter class="ch.qos.logback.classic.filter.LevelFilter">
            <level>WARN</level>
            <onMatch>ACCEPT</onMatch>
            <onMismatch>DENY</onMismatch>
        </filter>
    </appender>

    <appender name="error" class="ch.qos.logback.core.rolling.RollingFileAppender">
        <file>${LOG_HOME}/error.log</file>
        <rollingPolicy class="ch.qos.logback.core.rolling.TimeBasedRollingPolicy">
            <fileNamePattern>${LOG_HOME}/error.%d{yyyy-MM-dd}.%i.log.gz</fileNamePattern>
            <timeBasedFileNamingAndTriggeringPolicy class="ch.qos.logback.core.rolling.SizeAndTimeBasedFNATP">
                <maxFileSize>128MB</maxFileSize>
            </timeBasedFileNamingAndTriggeringPolicy>
            <maxHistory>180</maxHistory>
        </rollingPolicy>
        <encoder class="ch.qos.logback.classic.encoder.PatternLayoutEncoder">
            <pattern>${COMMON_PATTERN}</pattern>
        </encoder>
        <filter class="ch.qos.logback.classic.filter.LevelFilter">
            <level>ERROR</level>
            <onMatch>ACCEPT</onMatch>
            <onMismatch>DENY</onMismatch>
        </filter>
    </appender>

    <root level="INFO">
        <!--<appender-ref ref="console"/>-->
        <appender-ref ref="info"/>
        <appender-ref ref="warn"/>
        <appender-ref ref="error"/>
    </root>

</configuration>
